<?xml version="1.0" encoding="utf-8"?>
<!DOCTYPE hibernate-configuration PUBLIC "-//Hibernate/Hibernate Configuration DTD 3.0//EN" "http://www.hibernate.org/dtd/hibernate-configuration-3.0.dtd">
<hibernate-configuration>
	<session-factory>
		<property name="hibernate.connection.driver_class">com.mysql.jdbc.Driver</property>
		<property name="hibernate.connection.url">jdbc:mysql://127.0.0.1:3306/accuload?allowPublicKeyRetrieval=true&amp;useSSL=false</property>
		<property name="hibernate.connection.username">root</property>
		<property name="hibernate.connection.password">root</property>
		<property name="hibernate.dialect">org.hibernate.dialect.MySQLDialect</property>

		<property name="hibernate.connection.pool_size">1000</property>

		<property name="show_sql">true</property>

		<!-- Specifying Session Context -->
		<property name="hibernate.current_session_context_class">org.hibernate.context.internal.ThreadLocalSessionContext</property>

		<!-- Mapping With Model Class Containing Annotations -->
		<mapping class="model.User" />
		<mapping class="model.Arm" />
		<mapping class="model.Tank" />
		<mapping class="model.Product" />
		<mapping class="model.TankArmMap" />
		<mapping class="model.DeliveryOrder" />
		<mapping class="model.LocationConfig" />



	</session-factory>
</hibernate-configuration>