<?xml version="1.0" encoding="UTF-8"?>
<faces-config
    xmlns="http://xmlns.jcp.org/xml/ns/javaee"
    xmlns:xsi="http://www.w3.org/2001/XMLSchema-instance"
    xsi:schemaLocation="http://xmlns.jcp.org/xml/ns/javaee http://xmlns.jcp.org/xml/ns/javaee/web-facesconfig_2_2.xsd"
    version="2.2">

<navigation-rule>
		<from-view-id>*</from-view-id>
		<navigation-case>
			<from-outcome>home</from-outcome>
			<to-view-id>/home.xhtml</to-view-id>
			<redirect />
		</navigation-case>
	</navigation-rule>
	
	<navigation-rule>
		<from-view-id>*</from-view-id>
		<navigation-case>
			<from-outcome>login</from-outcome>
			<to-view-id>/login.xhtml</to-view-id>
			<redirect />
		</navigation-case>
	</navigation-rule>
	
	<navigation-rule>
		<from-view-id>*</from-view-id>
		<navigation-case>
			<from-outcome>admin</from-outcome>
			<to-view-id>/admin2.xhtml</to-view-id>
			<redirect />
		</navigation-case>
	</navigation-rule>
	
</faces-config>
